[
    {
        "created_at": "2023-01-24 09:44:55.883343",
        "updated_at": "2023-01-24 09:44:55.883343",
        "id": 1,
        "category": "Automotive"
    },
    {
        "created_at": "2023-01-24 09:44:55.898588",
        "updated_at": "2023-01-24 09:44:55.898588",
        "id": 2,
        "category": "Business Support & Supplies"
    },
    {
        "created_at": "2023-01-24 09:44:55.91385",
        "updated_at": "2023-01-24 09:44:55.91385",
        "id": 3,
        "category": "Cards & Gifts"
    },
    {
        "created_at": "2023-01-24 09:44:55.930017",
        "updated_at": "2023-01-24 09:44:55.930017",
        "id": 4,
        "category": "Clothing & Accessories"
    },
    {
        "created_at": "2023-01-24 09:44:55.944432",
        "updated_at": "2023-01-24 09:44:55.944432",
        "id": 5,
        "category": "Computers & Electronics"
    },
    {
        "created_at": "2023-01-24 09:44:55.959479",
        "updated_at": "2023-01-24 09:44:55.959479",
        "id": 6,
        "category": "Construction & Contractors"
    },
    {
        "created_at": "2023-01-24 09:44:55.974227",
        "updated_at": "2023-01-24 09:44:55.974227",
        "id": 7,
        "category": "Department Stores"
    },
    {
        "created_at": "2023-01-24 09:44:55.988561",
        "updated_at": "2023-01-24 09:44:55.988561",
        "id": 8,
        "category": "Education"
    },
    {
        "created_at": "2023-01-24 09:44:55.999525",
        "updated_at": "2023-01-24 09:44:55.999525",
        "id": 9,
        "category": "Entertainment"
    },
    {
        "created_at": "2023-01-24 09:44:56.013911",
        "updated_at": "2023-01-24 09:44:56.013911",
        "id": 10,
        "category": "Fancy Store"
    },
    {
        "created_at": "2023-01-24 09:44:56.029218",
        "updated_at": "2023-01-24 09:44:56.029218",
        "id": 11,
        "category": "Food & Dining"
    },
    {
        "created_at": "2023-01-24 09:44:56.045545",
        "updated_at": "2023-01-24 09:44:56.045545",
        "id": 12,
        "category": "Goods General"
    },
    {
        "created_at": "2023-01-24 09:44:56.056472",
        "updated_at": "2023-01-24 09:44:56.056472",
        "id": 13,
        "category": "Home & Garden"
    },
    {
        "created_at": "2023-01-24 09:44:56.071661",
        "updated_at": "2023-01-24 09:44:56.071661",
        "id": 14,
        "category": "Jewelry"
    },
    {
        "created_at": "2023-01-24 09:44:56.088085",
        "updated_at": "2023-01-24 09:44:56.088085",
        "id": 15,
        "category": "Ladies Wear"
    },
    {
        "created_at": "2023-01-24 09:44:56.10363",
        "updated_at": "2023-01-24 09:44:56.10363",
        "id": 16,
        "category": "Legal & Financial"
    },
    {
        "created_at": "2023-01-24 09:44:56.114557",
        "updated_at": "2023-01-24 09:44:56.114557",
        "id": 17,
        "category": "Manufacturing"
    },
    {
        "created_at": "2023-01-24 09:44:56.12911",
        "updated_at": "2023-01-24 09:44:56.12911",
        "id": 18,
        "category": "Medical Shop"
    },
    {
        "created_at": "2023-01-24 09:44:56.143662",
        "updated_at": "2023-01-24 09:44:56.143662",
        "id": 19,
        "category":"Men's Wear"
    },
    {
        "created_at": "2023-01-24 09:44:56.159212",
        "updated_at": "2023-01-24 09:44:56.159212",
        "id": 20,
        "category": "Other"
    },
    {
        "created_at": "2023-01-24 09:44:56.174531",
        "updated_at": "2023-01-24 09:44:56.174531",
        "id": 21,
        "category": "Personal Care & Services"
    },
    {
        "created_at": "2023-01-24 09:44:56.185543",
        "updated_at": "2023-01-24 09:44:56.185543",
        "id": 22,
        "category": "Pharmacy"
    },
    {
        "created_at": "2023-01-24 09:44:56.200684",
        "updated_at": "2023-01-24 09:44:56.200684",
        "id": 23,
        "category": "Real Estate"
    },
    {
        "created_at": "2023-01-24 09:44:56.215928",
        "updated_at": "2023-01-24 09:44:56.215928",
        "id": 24,
        "category": "Sport Shop"
    },
    {
        "created_at": "2023-01-24 09:44:56.231317",
        "updated_at": "2023-01-24 09:44:56.231317",
        "id": 25,
        "category": "Travel & Transportation"
    },
    {
        "created_at": "2023-01-24 09:44:56.24567",
        "updated_at": "2023-01-24 09:44:56.24567",
        "id": 26,
        "category": "Wholesale Dealer"
    }
]