[
    {
        "created_at": "2023-01-24 09:22:56.30152",
        "updated_at": "2023-01-24 09:22:56.30152",
        "id": 1,
        "country_id": 1,
        "id_proof_id": 1
    },
    {
        "created_at": "2023-01-24 09:23:18.865037",
        "updated_at": "2023-01-24 09:23:18.865037",
        "id": 2,
        "country_id": 1,
        "id_proof_id": 2
    },
    {
        "created_at": "2023-01-24 09:23:23.798637",
        "updated_at": "2023-01-24 09:23:23.798637",
        "id": 3,
        "country_id": 1,
        "id_proof_id": 3
    }
]