[
    {
        "created_at": "2023-02-03 13:24:32.262284",
        "updated_at": "2023-02-03 13:24:32.262284",
        "id": 1,
        "name": "facebook",
        "column_name": "facebook_followed"
    },
    {
        "created_at": "2023-02-03 13:24:32.262284",
        "updated_at": "2023-02-03 13:24:32.262284",
        "id": 2,
        "name": "youtube",
        "column_name": "youtube_followed"
    },
    {
        "created_at": "2023-02-03 13:24:32.262284",
        "updated_at": "2023-02-03 13:24:32.262284",
        "id": 3,
        "name": "twitter",
        "column_name": "twitter_followed"
    },
    {
        "created_at": "2023-02-03 13:24:32.262284",
        "updated_at": "2023-02-03 13:24:32.262284",
        "id": 4,
        "name": "whatsapp",
        "column_name": "whatsapp_followed"
    },
    {
        "created_at": "2023-02-03 13:24:32.262284",
        "updated_at": "2023-02-03 13:24:32.262284",
        "id": 5,
        "name": "linkedin",
        "column_name": "linkedin_followed"
    },
    {
        "created_at": "2023-02-03 13:24:32.262284",
        "updated_at": "2023-02-03 13:24:32.262284",
        "id": 6,
        "name": "telegram",
        "column_name": "telegram_followed"
    },
    {
        "created_at": "2023-02-03 13:24:32.262284",
        "updated_at": "2023-02-03 13:24:32.262284",
        "id": 7,
        "name": "instagram",
        "column_name": "instagram_followed"
    },
    {
        "created_at": "2023-02-03 13:24:32.262284",
        "updated_at": "2023-02-03 13:24:32.262284",
        "id": 8,
        "name": "discord",
        "column_name": "discord_followed"
    }
]