{
    "data": {
        "getVouchers": {
            "status": 1,
            "data": [
                {
                    "productId": 228,
                    "name": "Cafe Coffee Day",
                    "description": "<p>Get the taste of handpicked coffee anytime anywhere with Cafe Coffee Day outlets and webstores. Made from the finest beans, Cafe Coffee Day would make your coffee experience more enjoyable. Use CCD gift vouchers to avail amazing discounts and offers.</p>",
                    "termsAndConditionsInstructions": "<div><div>1. The holder of the Gift Card (voucher) number is deemed to be the beneficiary.</div><div>2. This Gift Card (voucher) can be used only for Cafe Coffee Day online ordering. Please note that this Gift Card (voucher) will not be accepted for payments at the outlets.</div><div>3. You can use this Gift Card (voucher) by visiting www.cafecoffeeday.com and choosing the order online option.</div><div>4. Multiple Gift Card (voucher) can be used against one bill.</div><div>5. The Gift Card (voucher) can be used only once. No refund or credit note will be issued against an unused or partially used Gift Card (voucher).</div><div>6. Gift Card (voucher) cannot be revalidated once expired.</div><div>7. Any dispute should be referred to the issuing company and the decision of the issuing company shall be final.</div><div>8. The Gift Card (voucher) has been issued subject to terms of the company.</div><div>9. If a Gift Card (voucher) gets blocked on account of any technical issue and is not consumed, would be reusable after 72 Hrs.</div><div>10. This Gift Card (voucher) cannot be clubbed with any other on-going promotion or offer.</div><div>11. Gift Card (voucher) validity cannot be extended once expired.</div><div>&nbsp;</div></div><p>&nbsp;</p>",
                    "expiryAndValidity": "<p>6 Months</p>",
                    "redemptionInstructions": "<div><strong>IMPORTANT INSTRUCTIONS&nbsp;</strong></div><div>1. Gift Vouchers CAN only be used online at <a href=\"https://shop.cafecoffeeday.com/\">https://shop.cafecoffeeday.com/</a></div><div>2. Multiple Gift Vouchers CAN be used in one bill.</div><div>3. Gift Vouchers CANNOT be used directly at CCD Outlets.</div><div><strong>HOW TO REDEEM YOUR GIFT CARD (VOUCHER)?</strong></div><div>Cafe Coffee Day Vouchers/Gift cards can be redeemed to purchase a wide variety of products in the following manner:&nbsp;</div><div>1. Visit: <a href=\"https://shop.cafecoffeeday.com/\">https://shop.cafecoffeeday.com</a> / Select the product.</div><div>2. Add the selected product into the cart.</div><div>3. Click on proceed to checkout to go to the payment page.</div><div>4. Enter your Gift Voucher in Enter Your Coupon Code tab and click on apply. Pay the remaining amount by card/any payment mode available if required.</div><div><strong>HOW TO BUY CAFE COFFEE DAY GIFT CARD (VOUCHER)?</strong></div><div>Cafe Coffee Day Gift Card (Voucher) is available on the <a href=\"https://stores.xoxoday.com/nreach/\">Xoxoday Store website</a>/Mobile application.</div><div>1. Visit <a href=\"https://stores.xoxoday.com/plumdemosales/vouchers/description/cafe-coffee-day/228\">Xoxoday Store website/CafeCoffeeDay</a>: View and select Cafe Coffee Day.</div><div>2. Select your preferred denomination and checkout: You can choose the denomination/s of your preference from those available.</div><div>3. Pay via Debit/ Credit/ Net Banking or Xoxoday Voucher/Points: Enter your preferred mode of payment and purchase the Gift Voucher/s.</div><div><strong>HOW TO SAVE MONEY WITH CAFE COFFEE DAY GIFT CARD&nbsp;</strong><strong>(VOUCHER)</strong><strong>?</strong></div><div>Cafe Coffee Day menu is a lip-smacking one with anything that you pick bound to make you want more. Cafe Coffee Day Gift Card&nbsp;(Voucher) enable you to savour your favourite brew with/without a sumptuous platter, and save handsomely while doing so, at the same time.&nbsp;</div><div><strong>CAFE COFFEE DAY GIFT CARD&nbsp;</strong><strong>(VOUCHER)&nbsp;</strong><strong>FOR OCCASIONS</strong></div><div>A lot happens over coffee, consequently it has come to be regarded as more than a brew - a concoction that brings and holds people together. Be it any occasion - New Year, Diwali, Christmas, Father's Day, Mother's Day, Valentine's Day, Holi, Christmas, Birthdays and Anniversaries - you can get together with your friends, family members by gifting them Cafe Coffee Day Gift Card (Voucher).</div><div><strong>CAFE COFFEE DAY GIFT CARD&nbsp;</strong><strong>(VOUCHER)&nbsp;</strong><strong>FOR CORPORATE GIFTING</strong></div><div>Looking for a corporate gift can occasionally become a tedious affair. You can gift your employees, partners, associates Gift Vouchers from Cafe Coffee Day, and they shall be celebrated like anything because the other name of coffee is celebration. Your work associates will remember your thoughtfulness, and you can expect to see a reciprocation in kind.</div><div><strong>HOW TO GET CAFE COFFEE DAY GIFT CARD&nbsp;</strong><strong>(VOUCHER)&nbsp;</strong><strong>FOR FREE?</strong></div><div>There are multiple ways to get a Cafe Coffee Day Gift Voucher for free. You may use loyalty points from your HDFC Solitaire Credit Card, IndusInd Credit Card, BPCL Petro Card or RBL Credit Card to buy Cafe Coffee Day Gift Card (Voucher) at no cost.</div><div><strong>FREQUENTLY ASKED QUESTIONS</strong></div><div><strong>How can I return/cancel Cafe Coffee Day Gift Card (Voucher) which I have redeemed?</strong></div><div>Regret that it is not possible. Gift Voucher once redeemed/bought cannot be cancelled or returned.</div><div><strong>Where can I use my Cafe Coffee Day Gift Card (Voucher)?</strong></div><div>You can use your Cafe Coffee Day Gift Card (Voucher) on the <a href=\"http://shop.cafecoffeeday.com/\">site</a>.</div><div><strong>Can I buy a Cafe Coffee Day Gift Card (Voucher) using my XOXO VOUCHER/POINTS?</strong></div><div>Yes, you can buy a Cafe Coffee Day Gift Card (Voucher) using XOXO VOUCHER/POINTS.</div><div><strong>How can I know the status of my Cafe Coffee Day Gift Card (Voucher)?</strong></div><div>Yes of course! Enter your voucher code in the Voucher Detail section. You will know the status of your Cafe Coffee Day Gift Card (Voucher) or visit <a href=\"https://plum-support.xoxoday.com/support/home\">https://plum-support.xoxoday.com/support/home</a></div><div>&nbsp;</div>",
                    "categories": "Restaurants Foods and Drinks",
                    "lastUpdateDate": "2020-08-11 15:39:58",
                    "imageUrl": "https://res.cloudinary.com/dyyjph6kx/image/upload/gift_vouchers/phpcteS1T_fby62e.jpg",
                    "currencyCode": "INR",
                    "currencyName": "rupees",
                    "countryName": "India",
                    "countryCode": "IN",
                    "countries": [
                        {
                            "code": "IN",
                            "name": "India"
                        }
                    ],
                    "valueType": "fixed_denomination",
                    "maxValue": 0,
                    "minValue": 0,
                    "valueDenominations": "50,100,250,500,1000",
                    "tatInDays": 0,
                    "usageType": "",
                    "deliveryType": "realtime",
                    "fee": 0,
                    "discount": 0,
                    "exchangeRate": null,
                    "isPhoneNumberMandatory": false
                },
                {
                    "productId": 22722,
                    "name": "Flipkart E-Gift Voucher",
                    "description": "<p>If there</p>",
                    "termsAndConditionsInstructions": "<ol><li>E-Voucher will be delivered within 24 to 48 business hours</li><li>Flipkart.com e-Gift Vouchers (EGV).</li><li>EGVs cannot be redeemed for Cash or Credit, but are transferable.</li><li>Flipkart.com are not responsible if voucher is lost, stolen or used without permission.</li><li>You can combine and use a maximum of 15 vouchers per order. They can be combined with promotional codes.</li><li>Flipkart.com assumes no responsibility for the products purchased using the EGVs and any liability thereof is expressly disclaimed.</li><li>Validity of EGVs cannot be extended, new EGVs cannot be provided against the expired/unused Vouchers.</li><li>In the event the beneficiary/Know Your Customer (KYC) details are found to be incorrect/insufficient,Flipkart.com retain the right to cancel the EGV issued.</li><li>There is no fee or other charges associated with EGV purchase.</li><li>EGVs cannot be reloaded or resold.<p>&nbsp;</p></li></ol><p><strong>Gift vouchers validity can not be extended once expired.</strong></p>",
                    "expiryAndValidity": "<p>12 months.</p>",
                    "redemptionInstructions": "<p>1.The e-Gift Vouchers (EGV) can be redeemed online against Sellers listed on www.flipkart.com only.<br />2.EGVs can be redeemed by selecting the payment mode as e-Gift Voucher. They can NOT be used to purchase Flipkart First subscriptions.<br />3.EGVs cannot be used to purchase other EGVs.<br />4.If the order value exceeds the EGV amount, the balance must be paid by Credit Card/Debit Card/Internet Banking.Cash on Delivery payment option cannot be used to pay the balance amount.<br />5.If the order value is less than the amount of the EGV, the outstanding balance (after deduction of order value) will reflect under the same EGV.</p>",
                    "categories": "Automobile",
                    "lastUpdateDate": "2023-02-14 05:42:21",
                    "imageUrl": "https://res.cloudinary.com/dyyjph6kx/image/upload/gift_vouchers/data/GiftVoucher/Vouchers_big/E-vouchers/face.jpg",
                    "currencyCode": "INR",
                    "currencyName": "rupees",
                    "countryName": "India",
                    "countryCode": "IN",
                    "countries": [
                        {
                            "code": "IN",
                            "name": "India"
                        }
                    ],
                    "valueType": "fixed_denomination",
                    "maxValue": 0,
                    "minValue": 0,
                    "valueDenominations": "100",
                    "tatInDays": 0,
                    "usageType": "online",
                    "deliveryType": "realtime",
                    "fee": 0,
                    "discount": 0,
                    "exchangeRate": null,
                    "isPhoneNumberMandatory": false
                },
                {
                    "productId": 230,
                    "name": "Pizza Hut",
                    "description": "<p>Pizza Hut Gift Voucher is the best gifting option since this is sure to bring a smile on the face of even the sullenest people. When it comes to celebration time, a good food option takes priority; and as everybody knows anytime is Pizza time! So, what does this tell you? When you are in the mood to celebrate, Pizza Hut is your obvious destination. Ever since the first restaurant started in 1996 in Bangalore, there has been a constant demand for more among the customers, especially the young people. Get lip smacking taste of hot and sizzling pizza from Pizza Hut. From pizza to sides, desserts, drinks and more, Pizza Hut gives you too many reasons to not indulge in the drooling slices. Use Pizza Hut Gift Cards (vouchers) to treat yourself with cheese-filled love every now and then!</p>",
                    "termsAndConditionsInstructions": "<div>1. Gift Cards (Vouchers)&nbsp;will be accepted across all outlets mentioned, but Yum Restaurants / it's authorized franchisees at its sole discretion may add or remove an outlet from the list without giving any prior notice.</div><div>2. This is a Yum! Restaurants Instant Gift Card (Voucher)&nbsp;and would be accepted at listed outlets. (For outlet list, please click <a href=\"https://www.gyftr.com/pizzahut\">here</a>). For home delivery orders, quote your voucher code at the time of placing your order.</div><div>3. Multiple Instant Gift Cards (Vouchers)&nbsp;can be used against one bill.</div><div>4. One Gift Card (Voucher)&nbsp;CANNOT be used multiple times.</div><div>5. Multiple Gift Cards (Vouchers)<span style=\"color: rgb(0, 0, 0); font-family: Roboto, RobotoDraft, Helvetica, Arial, sans-serif; font-size: 13px; white-space: pre-wrap;\">&nbsp;</span>CAN be used in one bill.</div><div>6. Multiple Gift Cards (Vouchers)&nbsp;CAN be used in one bill.</div><div>7. One Gift Card (Voucher) CANNOT be used multiple times.</div><div>8. Gift Cards (Vouchers)&nbsp;ACCEPTED at all Listed Outlets.</div><div>9. Gift Cards (Vouchers) CANNOT be used online.</div><div>&nbsp;</div>",
                    "expiryAndValidity": "<p>3 Months</p>",
                    "redemptionInstructions": "<div><strong>IMPORTANT INSTRUCTIONS</strong></div><div>1. Multiple Gift Cards (Vouchers)&nbsp;CAN be used in one bill.</div><div>2. One Gift Card (Voucher)&nbsp;CANNOT be used multiple times.</div><div>3. Gift Cards (Vouchers)&nbsp;ACCEPTED at all Listed Outlets.</div><div>4. Gift Cards (Vouchers)&nbsp;CANNOT be used online.</div><div><strong>HOW TO REDEEM YOUR&nbsp;GIFT CARD (VOUCHER)?</strong></div><div>1. Use an outlet locator to locate the nearest Pizza Hut store around you that accepts this voucher.</div><div>2. Choose your preferred food option.</div><div>3. At the billing counter, show your voucher to redeem it.</div><div><strong>HOW TO BUY A PIZZA HUT&nbsp;</strong><strong>GIFT&nbsp;</strong><strong>CARD&nbsp;</strong><strong>(VOUCHER)</strong><strong>?</strong></div><div>Pizza Hut&nbsp;<span style=\"font-family: Roboto, RobotoDraft, Helvetica, Arial, sans-serif; font-size: 13px; white-space: pre-wrap;\">Gift Cards (vouchers)</span>&nbsp;are available on the <a href=\"https://stores.xoxoday.com/nreach/\">Xoxoday Store website</a>/Mobile application. You can purchase these Gift Cards (Vouchers)&nbsp;by using Net Banking, Credit and Debit Cards.</div><div>1. Visit <a href=\"https://stores.xoxoday.com/plumdemosales/vouchers/description/pizza-hut/230\">Xoxoday Store website/PizzaHut</a>: View and select from the available Gift Cards (Vouchers)<span style=\"font-family: Roboto, RobotoDraft, Helvetica, Arial, sans-serif; font-size: 13px; white-space: pre-wrap;\">&nbsp;</span>of Pizza Hut.</div><div>2. Select your preferred denominations and checkout: You can choose the denomination/s of your preference from those available.</div><div>3. Pay via Debit/ Credit/ Net Banking or Xoxoday Voucher/Points: Enter your preferred mode of payment and purchase the Gift Voucher/s.</div><div><strong>PIZZA HUT&nbsp;</strong><strong>GIFT&nbsp;</strong><strong>CARD&nbsp;</strong><strong>(VOUCHER)</strong><strong>&nbsp;FOR OCCASIONS</strong></div><div>With exciting deals running on their signature Pizza, Pizza Hut makes enjoying their pizza even more enjoyable no matter what the occasion is. From choco lava cakes, to a variety of garlic breads, to soft drinks, this Pizza outlet has taken care of its side menu with great interest as well. Such a diverse menu makes Pizza Hut Gift Cards (Vouchers) the best gift one could ask for. Rather than giving them a generic cliched gift, give them the chance to choose their favourite Pizza with the help of Gift Cards (Vouchers). Go for Pizza Hut Gift Cards (Vouchers) for Diwali, Mother's Day, Father's Day, Children's Day, Valentine's Day, Raksha Bandhan, your anniversary or someone's birthday. Bring a smile on your loved one's face with a thoughtful gifting option for every occasion.</div><div><strong>PIZZA HUT&nbsp;</strong><strong>GIFT CARD (VOUCHER)&nbsp;</strong><strong>FOR CORPORATE GIFTING</strong></div><div>Cannot make your mind about the right corporate Diwali gift? How about Pizza Hut Gift Cards (Vouchers) for your employees, clients and partners? With Pizza Hut Gift Cards (Vouchers), you leave the choice up to them to pick their preferred Pizza. You also give them the option of using the Gift Cards (Vouchers) to buy something for their loved ones. Or for themselves. Use Pizza Hut Gift Cards (Vouchers) to give your co-workers unconventional gifts this year. A gift should be loved by the recipient after all. And we can guarantee that Pizza Hut Gift Cards (Vouchers) would absolutely be loved in your organisation!</div><div><strong>HOW TO GET A PIZZA HUT&nbsp;</strong><strong>GIFT&nbsp;</strong><strong>CARD&nbsp;</strong><strong>(VOUCHERS)</strong><strong>&nbsp;FOR FREE?&nbsp;</strong></div><div>There are multiple ways to get a Pizza Hut Gift Cards (Vouchers)&nbsp;for free. You may use loyalty points from your HDFC Solitaire Credit Card, IndusInd Credit Card, BPCL Petro Card or RBL Credit Card to buy a Pizza Hut Gift Cards (Vouchers) at no cost.&nbsp;&nbsp;</div><div><strong>FREQUENTLY ASKED QUESTIONS</strong></div><div><strong>How can I return/cancel Pizza Hut&nbsp;</strong><strong>Gift Cards (Vouchers)</strong><strong>&nbsp;which I have redeemed?</strong></div><div>Regret that it is not possible. Gift Cards (Vouchers) once redeemed/bought cannot be cancelled or returned.</div><div><strong>Where can I use my Pizza Hut&nbsp;</strong><strong>Gift Cards (Vouchers)</strong><strong>?</strong></div><div>You can use your Pizza Hut Gift Cards (Vouchers)&nbsp;on the site itself.</div><div><strong>Can I buy Pizza Hut&nbsp;</strong><strong>Gift Cards (Vouchers)</strong><strong>&nbsp;Using my XOXO VOUCHER/POINTS?</strong></div><div>Yes, you can buy Pizza Hut Gift Cards (Vouchers)<span style=\"font-family: Roboto, RobotoDraft, Helvetica, Arial, sans-serif; font-size: 13px; white-space: pre-wrap;\">&nbsp;</span>using XOXO VOUCHER/POINTS.</div><div><strong>How can I know the status of my Pizza Hut&nbsp;Gift Cards (Vouchers)?</strong></div><div>Yes of course! Enter your Gift Cards (Vouchers)<span style=\"font-family: Roboto, RobotoDraft, Helvetica, Arial, sans-serif; font-size: 13px; white-space: pre-wrap;\">&nbsp;</span>code in the Voucher Detail section. You will know the status of your Pizza Hut Gift Cards (Vouchers). Alternately, you may also call at +91 80-61915050 or visit <a href=\"https://plum-support.xoxoday.com/support/home\">https://plum-support.xoxoday.com/support/home</a></div><div>&nbsp;</div>",
                    "categories": "Restaurants Foods and Drinks",
                    "lastUpdateDate": "2023-02-13 13:04:39",
                    "imageUrl": "https://res.cloudinary.com/dyyjph6kx/image/upload/gift_vouchers/phpoC29TF_yh48s7.jpg",
                    "currencyCode": "INR",
                    "currencyName": "rupees",
                    "countryName": "India",
                    "countryCode": "IN",
                    "countries": [
                        {
                            "code": "IN",
                            "name": "India"
                        }
                    ],
                    "valueType": "fixed_denomination",
                    "maxValue": 0,
                    "minValue": 0,
                    "valueDenominations": "100,250,500,1000",
                    "tatInDays": 0,
                    "usageType": "",
                    "deliveryType": "realtime",
                    "fee": 0,
                    "discount": 0,
                    "exchangeRate": null,
                    "isPhoneNumberMandatory": false
                },
                {
                    "productId": 21598,
                    "name": "Tanishq",
                    "description": "<p>Ask any woman and you will get the same answer women love to shop for jewellery. What greater joy than to be able to shop at Tanishq, with the Tanishq gift voucher tucked safely into their purse You can give this incredible joy to the women in your life by buying a Tanishq gift voucher today. Tanishq is a dream-come-true jewellery retail store, brought to us by Titan and Co. Whether one plans a jewellery purchase for oneself or to gift someone, Tanishq is a name that comes instantly to mind. The Indian jewellery market was largely fragmented when Tanishq made its entry. Today, Tanishq is one of the premier trusted jewellery brands in India, offering the highest quality, conflict-free diamonds set in pure gold or platinum. Tanishq has won many awards for its incredible designs, and has become a globally recognized brand. What's great about Tanishq is that there's something for everyone, no matter what one's budget is.</p>",
                    "termsAndConditionsInstructions": "<div>1. This Gift Card (Voucher)<span style=\"color: rgb(0, 0, 0); font-family: Roboto, RobotoDraft, Helvetica, Arial, sans-serif; font-size: 13px; white-space: pre-wrap;\">&nbsp;</span>is valid only for the purchase of Tanishq Products from authorized Tanishq showrooms.</div><div>2. This Gift Card (Voucher)<span style=\"color: rgb(0, 0, 0); font-family: Roboto, RobotoDraft, Helvetica, Arial, sans-serif; font-size: 13px; white-space: pre-wrap;\">&nbsp;</span>is only entitled to a credit to the extent of the face value of the Gift Card (Voucher).</div><div>3. If the value of the purchase is less than the value of the Gift Cards (Vouchers), the balance is non-refundable.</div><div>4. This Gift Card (Voucher)<span style=\"color: rgb(0, 0, 0); font-family: Roboto, RobotoDraft, Helvetica, Arial, sans-serif; font-size: 13px; white-space: pre-wrap;\">&nbsp;</span>is valid only the month and year mentioned on the Gift Cards (Vouchers).</div><div>5. No replacement or compensation is permissible for lost or mutilated or defaced Gift Cards (Vouchers).</div><div>6. Gift Cards (Vouchers) can be combined with other ongoing offers at Tanishq stores.</div><div>7. Customers are required to bring along Photo ID proof (with address) for redeeming the Gift Cards (Vouchers). Below mentioned ID proofs will be Valid -&nbsp;</div><div>&nbsp; a. Aadhar Card</div><div>&nbsp; b. Voter ID Card</div><div>&nbsp; c. Driving License</div><div>&nbsp; d. Passport</div><div>8. Multiple Gift Cards (Vouchers)&nbsp;CAN be used in one bill.</div><div>9. Gift Cards (Vouchers) CAN be clubbed with any ongoing sales.</div><div>10. Gift Cards (Vouchers) CANNOT be used online.</div><div>11. Gift Cards (Vouchers)&nbsp;are not applicable to the GOLD COIN.</div><div>12. Gift Cards (Vouchers)&nbsp;validity cannot be extended once expired.</div><div>13.&nbsp;Tanishq voucher codes get activated 24-48 hours post their purchase.</div>",
                    "expiryAndValidity": "<p>6 Months.</p>",
                    "redemptionInstructions": "<div><strong>IMPORTANT INSTRUCTIONS</strong></div><div>1. Multiple Gift Cards (Vouchers)&nbsp;CAN be used in one bill.</div><div>2. Gift Cards (Vouchers)&nbsp;CAN be clubbed with on-going promotions/offers.</div><div>3. Gift Cards (Vouchers) are ACCEPTED at only listed Tanishq Outlets.</div><div>4. Gift Cards (Vouchers)&nbsp;CANNOT be used online.</div><div><strong>HOW TO REDEEM YOUR&nbsp;</strong><strong>GIFT CARD (VOUCHER)</strong><strong>?</strong></div><div>1. Check the outlet locator for a Tanishq outlet near you that accepts this Gift Card (Voucher).</div><div>2. Order your preferred products.</div><div>3. Show your voucher at the time of billing to redeem.</div><div><strong>HOW TO BUY A TANISHQ&nbsp;</strong><strong>GIFT CARD (VOUCHER)</strong><strong>?</strong></div><div>Tanishq Gift Cards (Vouchers)&nbsp;&nbsp;are available on the <a href=\"https://stores.xoxoday.com/nreach/\">Xoxoday Store website</a>/Mobile application. You can purchase these Gift Cards (Vouchers)&nbsp;by using Net Banking, Credit and Debit Cards.</div><div>1. Visit <a href=\"https://stores.xoxoday.com/plumdemosales/vouchers/description/tanishq/21598\">Xoxoday Store website/Tanishq</a>: View and select from the available Gift Cards (Vouchers)&nbsp;of Tanishq.</div><div>2. Select your preferred denominations and checkout: You can choose the denomination/s of your preference from those available.</div><div>3. Pay via Debit/ Credit/ Net Banking or Xoxoday Voucher/Points: Enter your preferred mode of payment and purchase the Gift Cards (Vouchers).</div><div><strong>HOW TO SAVE MONEY WITH A TANISHQ&nbsp;</strong><strong>GIFT CARD (VOUCHER)</strong><strong>?</strong></div><div>Looking for ornaments for that special occasion? Google 'Tanishq near me' and walk into the nearest Tanishq store. You will find shelves full of the latest designs of necklaces, rings and bracelets. Gold, silver, platinum or diamond, Tanishq offers every precious stone in a multitude of options and their products are inspired by every part of India and the world. Plus, whenever you buy a Tanishq product, you can consider it an investment. Because you are getting pure products, at just prices.</div><div><strong>TANISHQ&nbsp;</strong><strong>GIFT CARD (VOUCHER)</strong><strong>&nbsp;FOR OCCASIONS</strong></div><div>Is there any gift as appealing as a piece of jewellery? Probably not. The next time you decide to gift someone an ornament, think of Tanishq gift cards. People find it difficult to choose gifts, especially during the festive season. Rather than gifting your loved one's dry fruits, choose Tanishq gift cards (vouchers) and give them the chance to choose their own gifts. With Tanishq gift cards, the probability of them dumping your gifts will become naught. So, go for Tanishq gift cards (vouchers) for Diwali, Mother's Day, Father's Day, Children's Day, Valentine's Day, Raksha Bandhan, your anniversary or someone's birthday. Your loved ones will consider you thoughtful.and you will be getting better gifts on your birthday.</div><div><strong>TANISHQ&nbsp;</strong><strong>GIFT CARD (VOUCHER)&nbsp;</strong><strong>FOR CORPORATE GIFTING</strong></div><div>Want to give your clients, partners and employees corporate Diwali presents that they will remember? How about Tanishq gift cards (vouchers) for them? They can get their wife a diamond bracelet for her birthday. Or use it to spoil themselves with a pair of gold earrings. Use Tanishq gift cards (vouchers), and you will remove the possibility of your gift ending in the bin. Your clients won't get a more thoughtful gift this Diwali. And they will tell you the same.</div><div><strong>HOW TO GET A&nbsp;GIFT CARD (VOUCHER)&nbsp;FOR FREE?</strong></div><div>There are multiple ways to get a Tanishq Gift Cards (Vouchers)&nbsp;for free. You may use loyalty points from your HDFC Solitaire Credit Card, IndusInd Credit Card, BPCL Petro Card or RBL Credit Card to buy a Tanishq Gift Cards (Vouchers)&nbsp;&nbsp;at no cost.&nbsp; &nbsp;</div><div><strong>FREQUENTLY ASKED QUESTIONS</strong></div><div><strong>How can I return/cancel Tanishq&nbsp;</strong><strong>Gift Cards (Vouchers)</strong><strong>&nbsp;which I have redeemed?</strong></div><div>Regret that it is not possible. Gift Cards (Vouchers)&nbsp;once redeemed/bought cannot be cancelled or returned.</div><div><strong>Where can I use my Tanishq&nbsp;</strong><strong>Gift Cards (Vouchers)</strong><strong>?</strong></div><div>You can use your Tanishq Gift Cards (Vouchers)&nbsp;&nbsp;in listed outlets itself.</div><div><strong>Can I buy Tanishq&nbsp;</strong><strong>Gift Cards (Vouchers)</strong><strong>&nbsp;Using my XOXO VOUCHER/POINTS?</strong></div><div>Yes, you can buy Tanishq Gift Cards (Vouchers)&nbsp;&nbsp;using XOXO VOUCHER/POINTS.</div><div><strong>How can I know the status of my Tanishq&nbsp;Gift Cards (Vouchers)?</strong></div><div>Yes of course! Enter your Gift Cards (Vouchers)&nbsp;code in the Voucher Detail section. You will know the status of your Tanishq&nbsp;<span style=\"color: rgb(0, 0, 0); font-family: Roboto, RobotoDraft, Helvetica, Arial, sans-serif; font-size: 13px; white-space: pre-wrap;\">Gift Cards (vouchers)</span>&nbsp;. Alternately, you may also call at +91 80-61915050 or visit <a href=\"https://plum-support.xoxoday.com/support/home\">https://plum-support.xoxoday.com/support/home</a></div><div>&nbsp;</div>",
                    "categories": "Jewelry & Lifestyle",
                    "lastUpdateDate": "2022-10-07 07:31:04",
                    "imageUrl": "https://res.cloudinary.com/dyyjph6kx/image/upload/gift_vouchers/phpvsSjXb_pclxhi.jpg",
                    "currencyCode": "INR",
                    "currencyName": "rupees",
                    "countryName": "India",
                    "countryCode": "IN",
                    "countries": [
                        {
                            "code": "IN",
                            "name": "India"
                        }
                    ],
                    "valueType": "fixed_denomination",
                    "maxValue": 0,
                    "minValue": 0,
                    "valueDenominations": "1000,2000",
                    "tatInDays": 0,
                    "usageType": "",
                    "deliveryType": "realtime",
                    "fee": 0,
                    "discount": 0,
                    "exchangeRate": null,
                    "isPhoneNumberMandatory": false
                },
                {
                    "productId": 23254,
                    "name": "Pantaloons",
                    "description": "<p>We live in a country that likes to celebrate its occasions by gifting. If Diwali isn't fast approaching then your anniversary surely is. We are forever bound by the challenge of how to top up last year present? This is where Pantaloons Gift cards make an entry&nbsp; gifting should be a joy for the receiver as much as for the shopper. You can gift them to your loved ones and be assured that they'll love treating themselves to their favourite things! Our gift cards are the perfect gift to give. Mission surprise and delight, completed.</p>",
                    "termsAndConditionsInstructions": "<ul><li>Gift Vouchers CANNOT be used Online.</li><li>This is a Pantaloons Insta Gift Voucher (GV) / Gift Card (GC) and would be accepted at listed outlets on all products except on Jewellery and on shop-in-shops. (For Outlet List, please visit www.gyftr.com/pantaloons )</li><li>The person who has the Pantaloons GV / GC Code is deemed to be the beneficiary.</li><li>Do inform the cashier that you plan to use the GV / GC for making payments before billing.</li><li>Only the listed Pantaloons outlets at its sole discretion accept the GV / GC. Pantaloons may add or remove an outlet without giving any prior notice.</li><li>More than one GV / GC can be used in one bill.</li><li>This is a ONE time use GV / GC.</li><li>No Credit note / Refund for the unused amount of the GV / GC will be given.</li><li>Pantaloons GV / GC CANNOT be revalidated once expired.</li><li>Pantaloons GV / GC can be used during sale.</li><li>Pantaloons GV / GC cannot be redeemed on specific block out dates. Pantaloons may add or delete any date on its sole discretion.</li><li>Any dispute related to the GV / GC should be referred to the issuing company and the decision of the issuing company shall be final.</li><li>All disputes regarding this card and purchase made here under shall be made with the Mumbai City Jurisdiction only.</li><li>Pantaloons makes full efforts to accept Insta Gift Vouchers (GV) / Gift Card (GC), but on account of any technical / administrative reasons an outlet may refuse to accept the same.</li><li>If an Insta Gift Voucher (GV) /Gift Card (GC) gets blocked on account of technical issue, it would get enabled in 72 hours.</li><li>Please contact Shop manager for any acceptance issue and if issue is still not resolved, you can write in to <strong><a href=\"http://help@gyftr.com\">help@gyftr.com</a></strong> or call 0 851000 4444 for immediate help.</li><li>Redemption Process for the Insta GV / GC</li><li>Gift vouchers validity can not be extended once expired.</li></ul>",
                    "expiryAndValidity": "<p>6 Months</p>",
                    "redemptionInstructions": "<ul><li>This is a Pantaloons Insta Gift Voucher (GV) / Gift Card (GC) and would be accepted at listed outlets on all products except on Jewellery and on shop-in-shops. (For Outlet List, please visit <strong><a href=\"http://www.gyftr.com/pantaloons\">www.gyftr.com/pantaloons</a></strong> )</li><li>Gift Vouchers CAN be used to buy discounted products.</li><li>Multiple Gift Vouchers CAN be used in one bill.</li><li>Gift Vouchers are ACCEPTED at all Listed Outlets.</li><li>Gift Vouchers CANNOT be used Online.</li></ul>",
                    "categories": "Apparel_Fashion & Accessories",
                    "lastUpdateDate": "2022-10-07 07:36:45",
                    "imageUrl": "https://res.cloudinary.com/dyyjph6kx/image/upload/gift_vouchers/phpTJCL48_pidhkg.png",
                    "currencyCode": "INR",
                    "currencyName": "rupees",
                    "countryName": "India",
                    "countryCode": "IN",
                    "countries": [
                        {
                            "code": "IN",
                            "name": "India"
                        }
                    ],
                    "valueType": "fixed_denomination",
                    "maxValue": 0,
                    "minValue": 0,
                    "valueDenominations": "1000",
                    "tatInDays": 0,
                    "usageType": "",
                    "deliveryType": "realtime",
                    "fee": 0,
                    "discount": 0,
                    "exchangeRate": null,
                    "isPhoneNumberMandatory": false
                },
                {
                    "productId": 24346,
                    "name": "MakeMyTrip",
                    "description": "MakeMyTrip.com, India",
                    "termsAndConditionsInstructions": "The E-Gift Card is valid for purchases made from Makemytrip only and is valid for a period of 12 Months from the date of Purchase.<br/><br/>For Flights, Hotels & Holidays:<ul><li>Can be redeemed online at www.makemytrip.com or on MakeMyTrip Android & IOS app. Please follow the steps listed below:</li><ul><li>Select your Flight/ Hotel and fill required details till you reach the payment page.</li><li>On Website, click on \"More options\" and Select \"E-Gift Card\" as your Payment Mode. On Android and IOS app, choose E-Gift Card as the payment option</li><li>Enter your E-Gift Card/ Card No. (16 Digit) and 6 Digit Pin No.</li><li>Click on \"Make Payment\" and Pay the Balance amount (if any) using other Payment Modes Listed.</li><li>Flights & Hotels are not redeemable offline.</li></ul><li>For redeeming Holidays offline through our Holiday Experts :</li><ul><li>Please call on the understated number to redeem the card.</li><li>Domestic Holiday packages: 9599595601</li><li>International Holiday packages: 9599595618</li><li>Alternatively you can also write on gifts@makemytrip.com</li><li>You can also visit the MakeMyTrip Branches to redeem.</li></ul></ul><br/><br/>This E-Gift Card is not valid on Bus, Rail and Car bookings.<br/><br/>E-Gift Cards are valid on bookings made through MMT Mobile App.<br/><br/>In case of transaction failures after E-Gift Card is applied, amount would be automatically refunded to the same cards within 24 hours.<br/><br/>This E-Gift Card/voucher cannot be clubbed with any other ongoing offer discount/cash back/promotion run by Makemytrip.com on app or website.<br/><br/>This E-Gift Card is valid for partial redemption. Balance would remain in the E-Gift Card till the validity period and can be reused for multiple transactions.<br/><br/>Multiple E-Gift Cards (up to 3) can be combined and used on 1 transaction.<br/><br/>Products and services are subject to availability.<br/><br/>The E-Gift Card cannot be cancelled or exchanged for cash.<br/><br/>The E-Gift Card validity cannot be extended under any circumstances.<br/><br/>E-Gift Card code/Physical copy or both to be provided at the time of booking along with an ID proof for the offline redemption.<br/><br/>MakeMyTrip is not responsible if the E-Gift Card is lost, stolen or used without permission.<br/><br/>In case of cancellation of bookings made using the E-Gift Card within the validity period, the amount will be reversed to the same card as used at the time of booking.<br/><br/>Users are required to save the E-Gift Card number and PIN to utilize this refunded amount as we will not be able to reset the PIN or reissue a new E-Gift Card number.<br/><br/>In case of cancellations where the E-Gift Card validity has expired, no refund will be processed for the amount paid by the E-Gift Card.<br/><br/>MakeMyTrip is the final authority on the interpretation of these rules<br/><br/>MakeMyTrip reserves the right to deny accepting any E-Gift Card if it suspects that there is duplicity of cards.<br/><br/>In no event the liability of MakeMyTrip for any claims shall exceed the value of the card.<br/><br/>In the event of any dispute, parties agree to exclusive jurisdiction of courts of New Delhi.<br/><br/>This is for individual use only, Travel agents found using the card would lead to cancellation of booking and no refund would be made.",
                    "expiryAndValidity": "<p>12 Months</p>",
                    "redemptionInstructions": "<div><div><strong>IMPORTANT INSTRUCTIONS</strong></div><div>1. Gift Cards (Vouchers)&nbsp;CAN only be used online at&nbsp;<a href=\"https://www.makemytrip.com/\">www.makemytrip.com</a></div><div>2. Gift Cards (Vouchers)&nbsp;CANNOT be clubbed with on-going offers.</div><div>3. A maximum of 3 Gift Card (Vouchers)&nbsp;CAN be used in one bill.</div><div><strong>HOW TO REDEEM YOUR&nbsp;<span style=\"font-family: Roboto, RobotoDraft, Helvetica, Arial, sans-serif; font-size: 13px; white-space: pre-wrap;\">GIFT CARD (VOUCHER)</span></strong><strong>?</strong></div><div>1. Log on to&nbsp;<a href=\"https://www.makemytrip.com/\">www.makemytrip.com</a></div><div>2. Select your preferred flight/hotel/holiday package.</div><div><div>3. Fill in the required details till you reach the Payment page.&nbsp;&nbsp;</div><div>4. Click on 'Other Options' and select 'Gift Cards (Vouchers)' as your payment mode.</div><div>5. Enter your voucher code (16-digit) and pin number (4-digit). Click on 'Make Payment'.</div><div><strong>HOW TO BUY A MAKEMYTRIP&nbsp;</strong><strong><span style=\"font-family: Roboto, RobotoDraft, Helvetica, Arial, sans-serif; font-size: 13px; white-space: pre-wrap;\">GIFT CARD (VOUCHER)</span></strong><strong>?</strong></div></div><div>MakeMyTrip Gift Cards (Vouchers) are available on the&nbsp;<a href=\"https://stores.xoxoday.com/nreach/\">Xoxoday Store website</a>/Mobile application. You can purchase these Gift Cards (Vouchers)&nbsp;by using Net Banking, Credit and Debit Cards.</div><div>1. Visit&nbsp;<a href=\"https://stores.xoxoday.com/nreach/vouchers/description/makemytrip/24346\">Xoxoday Store website/MakeMyTrip</a>: View and select from the available vouchers of MakeMyTrip.</div><div>2. Select your preferred denominations & checkout: You can choose the denomination/s of your preference from those available.</div><div>3. Pay via Debit/ Credit/ Net Banking or Xoxoday Voucher/Points: Enter your preferred mode of payment and purchase the Gift Cards (Vouchers).</div><div><strong>HOW TO SAVE MONEY WITH A MAKEMYTRIP&nbsp;</strong><strong><span style=\"font-family: Roboto, RobotoDraft, Helvetica, Arial, sans-serif; font-size: 13px; white-space: pre-wrap;\">GIFT CARD (VOUCHER)</span></strong><strong>?</strong></div><div>Looking for the cheapest flight ticket for Mumbai to London? Log on to MakeMyTrip's website and find the best prices from every available air-carrier. You can book rooms for your bachelor's trip in Goa. Or buy a package for your honeymoon in Bali. MakeMyTrip makes sure customers can plan vacations that are easy on their wallets. Go ahead and compare prices across other websites.</div><div><strong>MAKEMYTRIP&nbsp;</strong><strong><span style=\"font-family: Roboto, RobotoDraft, Helvetica, Arial, sans-serif; font-size: 13px; white-space: pre-wrap;\">GIFT CARD (VOUCHER)</span></strong><strong>&nbsp;FOR OCCASIONS</strong></div><div>Travelling is the latest trend of the 21st Century. Irrespective of the ethnicity or age, people want to see new places. This makes MakeMyTrip Gift Card (Voucher)&nbsp;the best present one can receive. People find it difficult to choose gifts, especially during the festive season. Rather than gifting your loved one's dry fruits, choose MakeMyTrip gift cards (vouchers). And give them the chance to choose their own gifts. With MakeMyTrip gift cards, the probability of them dumping your gifts will become naught. So, go for MakeMyTrip gift cards (vouchers) for Diwali, Mothers Day, Fathers Day, Childrens Day, Valentines Day, Raksha Bandhan, your anniversary or birthday. Your loved ones will consider you thoughtful. And you will be getting better gifts on your birthday.</div><div><strong>MAKEMYTRIP&nbsp;</strong><strong><span style=\"font-family: Roboto, RobotoDraft, Helvetica, Arial, sans-serif; font-size: 13px; white-space: pre-wrap;\">GIFT CARD (VOUCHER)</span></strong><strong><strong>&nbsp;</strong>FOR CORPORATE GIFTING</strong></div><div>Want to give your clients, partners and employees corporate Diwali presents that they will remember? How about MakeMyTrip gift cards (vouchers) for them? They can use them to make hotel reservations for their upcoming business trip to New York. Or redeem them during their next family vacation. Use MakeMyTrip gift cards (vouchers), and you will remove the possibility of your gift ending in the bin. Your clients won't get a more thoughtful gift this Diwali. And they will tell you the same.</div><div><strong>HOW TO GET MAKEMYTRIP&nbsp;</strong><strong><span style=\"font-family: Roboto, RobotoDraft, Helvetica, Arial, sans-serif; font-size: 13px; white-space: pre-wrap;\">GIFT CARD (VOUCHERS)</span></strong><strong><strong>&nbsp;</strong>FOR FREE?</strong></div><div>There are multiple ways to get a MakeMyTrip Gift Cards (Vouchers)&nbsp;for free. You may use loyalty points from your HDFC Solitaire Credit Card, IndusInd Credit Card, BPCL Petro Card or RBL Credit Card to buy a MakeMyTrip gift card at no cost.&nbsp;&nbsp;</div><div><strong>FREQUENTLY ASKED QUESTIONS</strong></div><div><strong>How can I return/cancel the MakeMyTrip&nbsp;Gift Cards (Vouchers)&nbsp;which I have redeemed?</strong></div><div>Regret that it is not possible. Gift Cards (Vouchers)&nbsp;once redeemed/bought cannot be cancelled or returned.</div><div><strong>Where can I use my MakeMyTrip&nbsp;</strong><strong>Gift Cards (Vouchers)</strong><strong>?</strong></div><div>You can use your MakeMyTrip Gift Cards (Vouchers)&nbsp;on the <a href=\"http://www.makemytrip.com\">site</a> itself.</div><div><strong>Can I buy a MakeMyTrip&nbsp;</strong><strong>Gift Card (Voucher)&nbsp;</strong><strong>Using my XOXO VOUCHER/POINTS?</strong></div><div>Yes, you can buy a MakeMyTrip Gift Card (Voucher)&nbsp;using XOXO VOUCHER/POINTS.</div><div><strong>How can I know the status of my MakeMyTrip&nbsp;</strong><strong>Gift Cards (Vouchers)</strong><strong>?</strong></div><div>Yes of course! Enter your Gift Cards (Vouchers)<span style=\"font-family: Roboto, RobotoDraft, Helvetica, Arial, sans-serif; font-size: 13px; white-space: pre-wrap;\">&nbsp;</span>code in the Voucher Detail section. You will know the status of your MakeMyTrip Gift Card. Alternately, you may also call at +91 80-61915050 or visit&nbsp;<a href=\"https://plum-support.xoxoday.com/support/home\">https://plum-support.xoxoday.com/support/home</a></div></div><p>&nbsp;</p>",
                    "categories": "Travel and Tourism",
                    "lastUpdateDate": "2020-08-10 23:01:03",
                    "imageUrl": "https://res.cloudinary.com/dyyjph6kx/image/upload/gift_vouchers/phpOg9zEW_ybzdle.jpg",
                    "currencyCode": "INR",
                    "currencyName": "rupees",
                    "countryName": "India",
                    "countryCode": "IN",
                    "countries": [
                        {
                            "code": "IN",
                            "name": "India"
                        }
                    ],
                    "valueType": "open_value",
                    "maxValue": 100000,
                    "minValue": 500,
                    "valueDenominations": "500,750,1000,2000,2500,4000,5000,10000,20000,25000,30000,40000,50000",
                    "tatInDays": 0,
                    "usageType": "",
                    "deliveryType": "realtime",
                    "fee": 0,
                    "discount": 0,
                    "exchangeRate": null,
                    "isPhoneNumberMandatory": false
                },
                {
                    "productId": 29937,
                    "name": "Costa Coffee E-Gift Voucher",
                    "description": "<p>Take a sip of the best brews from the refine beans from Costa Coffee. With a rich coffee menu and complementary sides, Costa Coffee is giving its customers a reason to make coffee an important affair. Buy Costa Coffee GV and use them with discounted deals running already on Costa Coffee menu to get the best prices on your favourite coffee.</p>",
                    "termsAndConditionsInstructions": "<div><div>1. This is a Yum! Restaurants Instant Gift Card (voucher) and would be accepted at listed outlets. Please note this GV won't be accepted at PUNE.</div><div>2. The person who has the Yum! Restaurants Gift Card (voucher) Code is deemed to be the beneficiary.</div><div>3. Do inform the cashier that you plan to use the Gift Card (voucher) for making payments before billing.</div><div>4. Only the listed Yum! Restaurants outlets at its sole discretion accept the Gift Card (voucher). Yum! Restaurants may add or remove an outlet without giving any prior notice.</div><div>5. More than one Gift Card (voucher) can be used in one bill.</div><div>6. One time use.</div><div>7. No credit note/refund for the unused amount of the Gift Card (voucher) will be given.</div><div>8. Yum! Restaurants Gift Card (voucher) CANNOT be revalidated once expired.</div><div>9. Yum! Restaurants Gift Card (voucher) cannot be redeemed on the specific block out dates. Yum! Restaurants may add or delete any data on its sole discretion.</div><div>10. Any dispute related to the Gift Card (voucher) should be referred to the issuing company and the decision of the issuing company shall be final.</div><div>11. Yum! Restaurants make full efforts to accept Instant Gift Card (voucher), but on account of any technical/administrative reasons, an outlet may refuse to accept the same.</div><div>12. Gift Cards (vouchers) validity cannot be extended once expired.</div><div>&nbsp;</div></div><p>&nbsp;</p>",
                    "expiryAndValidity": "<p>6 Months</p>",
                    "redemptionInstructions": "<div><strong>IMPORTANT INSTRUCTIONS</strong></div><div>1. Gift Vouchers CANNOT be used online.</div><div>2. Multiple Gift Vouchers CAN be used in one bill.</div><div>3. Gift Vouchers are ACCEPTED at all Listed Outlets.</div><div><strong>HOW TO REDEEM YOUR GIFT CARD (VOUCHER)?</strong></div><div>1. Use the outlet locator to locate the nearest Costa Coffee store around you that accepts this voucher.</div><div>2. Choose your preferred food option.</div><div>3. At the billing counter, show your voucher to redeem it.</div><div><strong>HOW TO BUY A COSTA COFFEE GIFT CARD (VOUCHER)?</strong></div><div>Costa Coffee Gift Card (Voucher) is available on the <a href=\"https://stores.xoxoday.com/nreach/\">Xoxoday Store website</a>/Mobile application.</div><div>1. Visit <a href=\"https://stores.xoxoday.com/plumdemosales/vouchers/description/costa-coffee-e-gift-voucher/29937\">Xoxoday Store website/CostaCoffee</a>: View and select Costa Coffee.</div><div>2. Select your preferred denomination and checkout: You can choose the denomination/s of your preference from those available.</div><div>3. Pay via Debit/ Credit/ Net Banking or Xoxoday Voucher/Points: Enter your preferred mode of payment and purchase the Gift Voucher/s.</div><div><strong>COSTA COFFEE GIFT CARD (VOUCHER) FOR OCCASIONS</strong></div><div>With exciting deals running on their signature coffee, Costa Coffee makes enjoying their brews even more enjoyable no matter what the occasion is. From drinks to sweets to a variety of sides, to soft drinks, this coffee outlet has taken care of its side menu with great interest as well. Such a diverse menu makes Costa Coffee GV the best gift one could ask for. Rather than giving them a generic cliched gift, give them the chance to choose their favourite coffee with the help of gift card (voucher). Go for Costa Coffee Gift Card (Voucher) for New Year, Mother's Day, Father's Day, Children's Day, Valentine's Day, Raksha Bandhan, your Anniversary or someone's Birthday. Bring a smile on your loved one's face with a thoughtful gifting option for every occasion.</div><div><strong>COSTA COFFEE GIFT CARD (VOUCHER) FOR CORPORATE GIFTING</strong></div><div>Cannot make your mind about the right corporate gift? How about Costa Coffee Gift Card (Voucher) for your employees, clients and partners? With Costa Coffee Gift Card (Voucher), you leave the choice up to them to pick their preferred coffee. You also give them the option of using the gift card (voucher) to buy something for their loved ones. Or for themselves. Use Costa Coffee Gift Card (Voucher) to gift your co-workers unconventional gifts this year. A gift should be loved by the recipient after all. And we can guarantee that Costa Coffee gift card (voucher) would absolutely be loved in your organisation!</div><div><strong>GET COSTA COFFEE GIFT CARD (VOUCHER) FOR FREE</strong></div><div>There are multiple ways to get a Costa Coffee GV for free. You may use loyalty points from your HDFC Solitaire Credit Card, IndusInd Credit Card, BPCL Petro Card or RBL Credit Card to buy a Costa Coffee Gift Card (Voucher) at no cost.&nbsp;&nbsp;</div><div><strong>FREQUENTLY ASKED QUESTIONS</strong></div><div><strong>How can I return/cancel a Costa Coffee Gift Card (Voucher) which I have redeemed?</strong></div><div>Regret that it is not possible. Gift Card (Voucher) once redeemed/bought cannot be cancelled or returned.</div><div><strong>Where can I use my Costa Coffee Gift Card (Voucher)?</strong></div><div>You can use your Costa Coffee Gift Card (Voucher) at the listed outlet.</div><div><strong>Can I buy a Costa Coffee Gift Card (Voucher) using my XOXO VOUCHER/POINTS?</strong></div><div>Yes, you can buy a Costa Coffee Gift Card (Voucher) using XOXO VOUCHER/POINTS.</div><div><strong>How can I know the status of my Costa Coffee Gift Card (Voucher)?</strong></div><div>Yes of course! Enter your voucher code in the Voucher Detail section. You will know the status of your Costa Coffee Gift Card (Voucher) or visit <a href=\"https://plum-support.xoxoday.com/support/home\">https://plum-support.xoxoday.com/support/home</a></div><div>&nbsp;</div><div>&nbsp;</div>",
                    "categories": "Restaurants Foods and Drinks",
                    "lastUpdateDate": "2022-10-07 07:39:27",
                    "imageUrl": "https://res.cloudinary.com/dyyjph6kx/image/upload/gift_vouchers/phpACYCIQ_wcs9fi.jpg",
                    "currencyCode": "INR",
                    "currencyName": "rupees",
                    "countryName": "India",
                    "countryCode": "IN",
                    "countries": [
                        {
                            "code": "IN",
                            "name": "India"
                        }
                    ],
                    "valueType": "fixed_denomination",
                    "maxValue": 0,
                    "minValue": 0,
                    "valueDenominations": "10,100000",
                    "tatInDays": 0,
                    "usageType": "",
                    "deliveryType": "realtime",
                    "fee": 0,
                    "discount": 0,
                    "exchangeRate": null,
                    "isPhoneNumberMandatory": false
                },
                {
                    "productId": 29939,
                    "name": "KFC",
                    "description": "<p>Finger licking chicken at your fingertips from KFC. This American fast food restaurant has over 300 outlets pan India. KFC offers crispy chicken with various blends of herbs and spices and a detailed sides menu so that you can pick from their various food options and drinks. Drool over a juicy chicken bucket at discounted prices.</p>",
                    "termsAndConditionsInstructions": "<div>1. This KFC Hut E-Gift Card is issued by Yum! Restaurants Marketing Private Limited (YUM) & its authorized franchisees for making Payments at participating KFC Stores in India.</div><div>2. Only participating KFC Hut Stores would accept the E-Gift Card, YUM Restaurants and its authorized franchisees would add or remove an outlet without giving any prior notice.</div><div>3. Do inform the Outlet that you plan to use E-Gift Card for making payments before billing&nbsp;</div><div>4. More than one E-Gift Card can be used in one bill.</div><div>5. This E-Gift Card is a one-time use card & any unused balance cannot be used again or be exchanged for Cash.</div><div>6. No cash refunds will be given against the E-Gift Card (including in case of loss or otherwise).</div><div>7. Any balance in this E-Gift Card is valid for 6 months from the date of issue and any unused balance will expire automatically.</div><div>8. Rights to amend Terms & Conditions reserved with Yum and its authorized franchisees without prior notice.</div><div>9. For all amendments, card balance & expiry details, please visit <a href=\"http://www.online.kfc.co.in\">www.online.kfc.co.in</a>.</div><div>&nbsp;</div>",
                    "expiryAndValidity": "<p>6 Months</p>",
                    "redemptionInstructions": "<div><strong>IMPORTANT INSTRUCTIONS</strong></div><div>1. Gift Card (Voucher) CANNOT be used online.</div><div>2. Multiple Gift Gift Card (Voucher)&nbsp;CAN be used in one bill.</div><div>3. Gift Card (Voucher)&nbsp;are ACCEPTED at all Listed Outlets.</div><div><strong>HOW TO REDEEM YOUR GIFT CARD (VOUCHER)?</strong></div><div>Offline Redemption:</div><div><div><div>1. Visit KFC outlet to redeem the E-Gift Card (voucher).</div><div>2. Outlet locator-&nbsp;<a href=\"https://restaurants.kfc.co.in/\">https://restaurants.kfc.co.in/</a></div><div>3. Choose your preferred food option, do inform the Outlet that you plan to use E-Gift Card (voucher) for making payments before billing.</div><div>4. During billing, show your E-Gift Card (voucher) to redeem it.</div><div><strong>HOW TO BUY KFC&nbsp;GIFT CARD (VOUCHER)?</strong></div></div><div>KFC Gift Card (Vouchers) are available on the <a href=\"https://stores.xoxoday.com/nreach/\">Xoxoday Store website</a>/Mobile application. You can purchase these Gift Card (Voucher)&nbsp;by using Net Banking, Credit and Debit Cards.</div><div>1. Visit <a href=\"https://stores.xoxoday.com/nreach/vouchers/description/kfc/29939/\">Xoxoday Store website/kfc:</a> View and select from the available vouchers of KFC.</div><div>2. Select your preferred denominations and checkout: You can choose the denomination/s of your preference from those available.</div><div>3. Pay via Debit/ Credit/ Net Banking or Xoxoday Voucher/Points: Enter your preferred mode of payment and purchase the Gift Card (voucher).</div><div><strong>KFC GIFT CARDS (VOUCHERS) FOR OCCASIONS</strong></div><div>With exciting deals running on their menu, KFC makes enjoying their Chicken even more enjoyable no matter what the occasion is. From Burgers to rice bowls, snacks and beverages, this fast food outlet has taken care of its side menu with great interest as well. Such a diverse menu makes KFC gift cards (vouchers) the best gift one could ask for. Rather than giving them a generic cliched gift, give them the chance to choose their favourite form of chicken with the help of gift cards (vouchers). Go for KFC gift cards (vouchers) for Valentines Day, Diwali, Mothers Day, Fathers Day, Childrens Day, Raksha Bandhan, your anniversary or birthday. Bring a smile on your loved ones faces with a thoughtful gifting option for every occasion.</div><div><strong>KFC GIFT CARDS (VOUCHERS) FOR CORPORATE GIFTING</strong></div><div>Cannot make your mind about the right corporate gift? How about KFC Gift Card (Vouchers)&nbsp;for your employees, clients and partners? With KFC gift cards, you leave the choice up to them to pick their preferred food. You also give them the option of using the gift cards (vouchers) to&nbsp;buy something for their loved ones. Or for themselves. Use KFC gift cards (vouchers) to give your co-workers unconventional gifts this year. A gift should be loved by the recipient after all and we can guarantee that KFC gift cards (vouchers) would absolutely be loved in your organisation!</div><div><strong>GET KFC</strong>&nbsp;<strong>GIFT CARD (VOUCHER)</strong><strong><strong>&nbsp;FOR F</strong>REE</strong></div><div>There are multiple ways to get a KFC Gift Card (Voucher)&nbsp;for free. You may use loyalty points from your HDFC Solitaire Credit Card, IndusInd Credit Card, BPCL Petro Card or RBL Credit Card to buy a KFC gift card at no cost.</div><div><div><strong>FREQUENTLY ASKED QUESTIONS</strong></div><div><strong>How can I return/cancel KFC&nbsp;Gift Cards (Vouchers)&nbsp;</strong><strong>which I have redeemed?</strong></div><div>Regret that it is not possible. Gift Card (Voucher) once redeemed/bought cannot be cancelled or returned.</div><div><strong>Where can I use my KFC&nbsp;</strong><strong>Gift Cards (Vouchers)</strong><strong>?</strong></div><div>You can use your KFC Gift Card (Voucher) on the store itself.</div><div><strong>Can I buy a KFC&nbsp;</strong><strong>Gift Cards (Vouchers)&nbsp;</strong><strong>Using my XOXO VOUCHER/POINTS?</strong></div><div>Yes, you can buy a KFC Gift Card (Voucher) using XOXO VOUCHER/POINTS.</div><div><strong>How can I know the status of my KFC&nbsp;</strong><strong>Gift Cards (Vouchers)</strong><strong>?</strong></div><div>Yes of course! Enter your voucher code in the Gift Card (Voucher)Detail section. You will know the status of your KFC Gift Card (Voucher). Alternately, you may also call at +91 80-61915050 or visit <a href=\"https://plum-support.xoxoday.com/support/home\">https://plum-support.xoxoday.com/support/home</a></div><div>&nbsp;</div></div><div>&nbsp;</div></div><p>&nbsp;</p>",
                    "categories": "Restaurants Foods and Drinks",
                    "lastUpdateDate": "2022-10-07 07:40:42",
                    "imageUrl": "https://res.cloudinary.com/dyyjph6kx/image/upload/gift_vouchers/phpCC8n5s_jepdfq.jpg",
                    "currencyCode": "INR",
                    "currencyName": "rupees",
                    "countryName": "India",
                    "countryCode": "IN",
                    "countries": [
                        {
                            "code": "IN",
                            "name": "India"
                        }
                    ],
                    "valueType": "fixed_denomination",
                    "maxValue": 0,
                    "minValue": 0,
                    "valueDenominations": "100",
                    "tatInDays": 0,
                    "usageType": "",
                    "deliveryType": "realtime",
                    "fee": 0,
                    "discount": 0,
                    "exchangeRate": null,
                    "isPhoneNumberMandatory": false
                },
                {
                    "productId": 30587,
                    "name": "Joyalukkas E-Gift Voucher",
                    "description": "<div>With more than 140 showrooms across the globe, Joyalukkas is an Indian jewellery group based in Kerala. Visit a Joyalukkas showroom near you and browse through their assortment of silver, gold and platinum jewellery. Joyalukkas Gift Cards and Gift Vouchers give you a cashless shopping experience.</div><div>&nbsp;</div>",
                    "termsAndConditionsInstructions": "<div>1. Gift Cards (Vouchers)&nbsp;CANNOT be used online.</div><div>2. This Gift Cards (Vouchers)<span style=\"color: rgb(0, 0, 0); font-family: Roboto, RobotoDraft, Helvetica, Arial, sans-serif; font-size: 13px; white-space: pre-wrap;\">&nbsp;</span>is valid only for the purchase of Joyalukkas Gold Jewellery from authorized Joyalukkas showrooms.</div><div>3. This Gift Cards (Vouchers)<span style=\"color: rgb(0, 0, 0); font-family: Roboto, RobotoDraft, Helvetica, Arial, sans-serif; font-size: 13px; white-space: pre-wrap;\">&nbsp;</span>is only entitled to a credit to the extent of the face value of the voucher.</div><div>4. If the value of the purchase is less than the value of the Gift Cards (Vouchers), the balance is non-refundable.</div><div>5. This Gift Cards (Vouchers)<span style=\"color: rgb(0, 0, 0); font-family: Roboto, RobotoDraft, Helvetica, Arial, sans-serif; font-size: 13px; white-space: pre-wrap;\">&nbsp;</span>is valid only the month and year mentioned on the Gift Cards (Vouchers).</div><div>6. No replacement or compensation is permissible for lost or mutilated or defaced Gift Cards (Vouchers).</div><div>7. Gift Cards (Vouchers)<span style=\"color: rgb(0, 0, 0); font-family: Roboto, RobotoDraft, Helvetica, Arial, sans-serif; font-size: 13px; white-space: pre-wrap;\">&nbsp;</span>can be combined with other ongoing offers at Joyalukkas stores.</div><div>8. Gift Cards (Vouchers) cannot be exchanged for cash.</div><div>9. Under no circumstances the voucher will be revalidated.</div><div>10. Gift Cards (Vouchers)&nbsp;validity cannot be extended once expired.</div><div>&nbsp;</div>",
                    "expiryAndValidity": "<p>6 Months.</p>",
                    "redemptionInstructions": "<div><strong>IMPORTANT INSTRUCTIONS&nbsp;</strong></div><div>1. Multiple Gift Cards (Vouchers)&nbsp;CAN be used in one bill.</div><div>2. Gift Cards (Vouchers)&nbsp;CAN be clubbed with other on-going offers at Joyalukkas outlets.</div><div>3. Gift Cards (Vouchers)&nbsp;are ACCEPTED at Listed Outlets only.</div><div>4. Gift Cards (Vouchers)&nbsp;CANNOT be used online.</div><div><strong>HOW TO REDEEM YOUR&nbsp;</strong><strong>GIFT CARDS (VOUCHERS)</strong><strong>&nbsp;CODE?</strong></div><div>1. Check the outlet locator for a Joyalukkas outlet near you that accepts this voucher.</div><div>2. Order your preferred products.</div><div>3. Show your voucher at the time of billing to redeem.</div><div><strong>HOW TO BUY JOYALUKKAS&nbsp;</strong><strong>GIFT CARDS (VOUCHERS)</strong><strong>?</strong></div><div>Joyalukkas Gift Cards (Vouchers) are available on the <a href=\"https://stores.xoxoday.com/nreach/\">Xoxoday Store website</a>/Mobile application. You can purchase these Gift Cards (Vouchers)&nbsp;by using Net Banking, Credit and Debit Cards.</div><div>1. Visit <a href=\"https://stores.xoxoday.com/nreach/vouchers/description/joyalukkas-e-gift-voucher/30587\">Xoxoday Store website/Joyalukkas</a>: View and select from the available Gift Cards (Vouchers)<span style=\"color: rgb(0, 0, 0); font-family: Roboto, RobotoDraft, Helvetica, Arial, sans-serif; font-size: 13px; white-space: pre-wrap;\">&nbsp;</span>of Joyalukkas.</div><div>2. Select your preferred denominations and checkout: You can choose the denomination/s of your preference from those available.</div><div>3. Pay via Debit/ Credit/ Net Banking or Xoxoday Voucher/Points: Enter your preferred mode of payment and purchase the Gift Cards (Vouchers).</div><div><strong>SAVE MONEY WITH JOYALUKKAS GIFT CARDS (VOUCHERS)</strong></div><div>Joyalukkas offers customers a wide range of jewellery. Regardless of the occasion, customers are spoilt for choices. The brand firmly believes in providing exquisite designs and uncompromising quality. This means customers get top-of-the-line silver, gold, platinum and diamond ornaments. And every item bought is worth the money spent.</div><div><strong>JOYALUKKAS&nbsp;</strong><strong>GIFT CARDS (VOUCHERS)&nbsp;</strong><strong>FOR OCCASIONS</strong></div><div>Gifting someone a piece of jewellery shows the amount of love you have for them. For centuries, jewelleries have been the best gift one can receive. This makes Joyalukkas Gift Cards invaluable. People find it difficult to choose gifts, especially during the festive season. Rather than gifting your loved one's dry fruits, choose Joyalukkas Gift Vouchers. And give them the chance to choose their own gifts. With Joyalukkas Gift Cards, the probability of them dumping your gifts will become naught. So, go for Joyalukkas Gift Cards for Diwali, Mother's Day, Father's Day, Children's Day, Valentine's Day, Raksha Bandhan, your anniversary or someone's birthday. Your loved ones will consider you thoughtful and you will be getting better gifts on your birthday.</div><div><strong>JOYALUKKAS&nbsp;</strong><strong>GIFT CARDS (VOUCHERS)</strong><strong><span style=\"color: rgb(0, 0, 0); font-family: Roboto, RobotoDraft, Helvetica, Arial, sans-serif; font-size: 13px; white-space: pre-wrap;\">&nbsp;</span></strong><strong>FOR CORPORATE GIFTINGS</strong></div><div>Want to give your clients, partners and employees corporate Diwali presents that they will remember? How about Joyalukkas Gift Cards for them? They can buy an emerald necklace for their wife. Or redeem them against a classy platinum ring for themselves. Use Joyalukkas Gift Cards, and you will remove the possibility of your gift ending in the bin. Your clients won't get a more thoughtful gift this Diwali and they will tell you the same.</div><div><strong>GET JOYALUKKAS&nbsp;GIFT CARDS (VOUCHERS)<span style=\"color: rgb(0, 0, 0); font-family: Roboto, RobotoDraft, Helvetica, Arial, sans-serif; font-size: 13px; white-space: pre-wrap;\">&nbsp;</span></strong><strong>FOR FREE</strong></div><div>There are multiple ways to get a Joyalukkas Gift Cards (Vouchers)<span style=\"color: rgb(0, 0, 0); font-family: Roboto, RobotoDraft, Helvetica, Arial, sans-serif; font-size: 13px; white-space: pre-wrap;\">&nbsp;</span>for free. You may use loyalty points from your HDFC Solitaire Credit Card, IndusInd Credit Card, BPCL Petro Card or RBL Credit Card to buy a Joyalukkas Gift Card at no cost.</div><div><strong>FREQUENTLY ASKED QUESTIONS</strong></div><div><strong>How can I return/cancel Joyalukkas&nbsp;</strong><strong>Gift Cards (Vouchers)&nbsp;</strong><strong>which I have redeemed?</strong></div><div>Regret that it is not possible. Gift Cards (Vouchers)<span style=\"color: rgb(0, 0, 0); font-family: Roboto, RobotoDraft, Helvetica, Arial, sans-serif; font-size: 13px; white-space: pre-wrap;\">&nbsp;</span>once redeemed/bought cannot be cancelled or returned.</div><div><strong>Where can I use my Joyalukkas&nbsp;</strong><strong>Gift Cards (Vouchers)</strong><strong>?</strong></div><div>You can use your Joyalukkas Gift Cards (Vouchers) in the store itself.</div><div><strong>Can I buy Joyalukkas&nbsp;</strong><strong>Gift Cards (Vouchers)</strong><strong>&nbsp;Using my XOXO VOUCHER/POINTS?</strong></div><div>Yes, you can buy Joyalukkas Gift Cards (Vouchers) using XOXO VOUCHER/POINTS.</div><div><strong>How can I know the status of my Joyalukkas&nbsp;Gift Cards (Vouchers)?</strong></div><div>Yes of course! Enter your Gift Cards (Vouchers)<span style=\"color: rgb(0, 0, 0); font-family: Roboto, RobotoDraft, Helvetica, Arial, sans-serif; font-size: 13px; white-space: pre-wrap;\">&nbsp;</span>code in the voucher detail section. You will know the status of your Joyalukkas Gift Cards (Vouchers)&nbsp;or visit <a href=\"https://plum-support.xoxoday.com/support/home\">https://plum-support.xoxoday.com/support/home</a></div><div>&nbsp;</div>",
                    "categories": "Jewelry & Lifestyle",
                    "lastUpdateDate": "2022-10-07 07:42:02",
                    "imageUrl": "https://res.cloudinary.com/dyyjph6kx/image/upload/gift_vouchers/phpwzdT5l_cp9uqp.jpg",
                    "currencyCode": "INR",
                    "currencyName": "rupees",
                    "countryName": "India",
                    "countryCode": "IN",
                    "countries": [
                        {
                            "code": "IN",
                            "name": "India"
                        }
                    ],
                    "valueType": "fixed_denomination",
                    "maxValue": 0,
                    "minValue": 0,
                    "valueDenominations": "1000",
                    "tatInDays": 0,
                    "usageType": "",
                    "deliveryType": "realtime",
                    "fee": 0,
                    "discount": 0,
                    "exchangeRate": null,
                    "isPhoneNumberMandatory": false
                },
                {
                    "productId": 31057,
                    "name": "Paytm",
                    "description": "<p>Paytm is India's largest mobile commerce platform Paytm started by offering mobile recharge and utility billayments and today it offers a full marketplace to consumers on its mobile apps. We have over 100Mn registered users In a short span of time Paytm has scaled to more than 60 Million orders per month.</p>",
                    "termsAndConditionsInstructions": "<p><span style=\"font-family:arial,helvetica,sans-serif;\"><span style=\"font-size:12px;\">1.The Money in Gift Sub-Wallet cannot be transferred to Bank Account Nor Peer-Peer transfer can happen.</span></span></p><p><span style=\"font-family:arial,helvetica,sans-serif;\"><span style=\"font-size:12px;\">2. It can be utilised in Paytm Offline and Online Ecosystem.</span></span></p><p><span style=\"font-family:arial,helvetica,sans-serif;\"><span style=\"font-size:12px;\">3. Validity is 3 Years.</span></span></p><p><span style=\"font-family:arial,helvetica,sans-serif;\"><span style=\"font-size:12px;\">4. 1 lakh is the maximum transaction can be done in a month.</span></span></p><p><span style=\"font-family:arial,helvetica,sans-serif;\"><span style=\"font-size:12px;\">5. Above 10k Customer need to update KYC in Paytm or else the amount will not reflect in wallet.&nbsp;</span></span></p><p><span style=\"font-family:arial,helvetica,sans-serif;\"><span style=\"font-size:12px;\">6. Please note the mobile no. which is entered while placing order to the same no. the money will be added.</span></span></p><p><span style=\"font-family:arial,helvetica,sans-serif;\"><span style=\"font-size:12px;\">7. Gift vouchers validity can not be extended once expired.</span></span></p>",
                    "expiryAndValidity": "<p>36 Months</p>",
                    "redemptionInstructions": "<p style=\"font-family: Arial, Helvetica, sans-serif; font-size: small;\"><span style=\"font-family:arial,helvetica,sans-serif;\"><span style=\"font-size:12px;\">1. Open <a href=\"https://paytm.com/\">wwwpaytm.com </a></span></span></p><p style=\"font-family: Arial, Helvetica, sans-serif; font-size: small;\"><span style=\"font-family:arial,helvetica,sans-serif;\"><span style=\"font-size:12px;\">2. Amount will be directly transferred to your Paytm account for which you have placed the order as per the denominations available.</span></span></p><p style=\"font-family: Arial, Helvetica, sans-serif; font-size: small;\"><span style=\"font-family:arial,helvetica,sans-serif;\"><span style=\"font-size:12px;\">3. The Money in Gift Sub Wallet cannot be transferred to Bank Account Nor Peer Peer transfer can happen.</span></span></p>",
                    "categories": "Mobile Recharges",
                    "lastUpdateDate": "2023-02-03 07:40:13",
                    "imageUrl": "https://res.cloudinary.com/dyyjph6kx/image/upload/gift_vouchers/image/phprqIvuL_jhmiky.jpg",
                    "currencyCode": "INR",
                    "currencyName": "rupees",
                    "countryName": "India",
                    "countryCode": "IN",
                    "countries": [
                        {
                            "code": "IN",
                            "name": "India"
                        }
                    ],
                    "valueType": "fixed_denomination",
                    "maxValue": 0,
                    "minValue": 0,
                    "valueDenominations": "10,100,1000,2000,250,4000,500,5000",
                    "tatInDays": 0,
                    "usageType": "online",
                    "deliveryType": "realtime",
                    "fee": 0,
                    "discount": 0,
                    "exchangeRate": null,
                    "isPhoneNumberMandatory": true
                }
            ]
        }
    }
}





